-25,-24,-23,-22,-21,-20,-19,-18,-17,-16,-15,-14,-13,-12,-11,-10,-9,-8,-7,-6,-5,-4,-3,-2,-1,0,1,2,3,4,5,6,7,8,9,10,11,12,13,14,15,16,17,18,19,20,21,22,23,24,25,26,27,28,29,30,31,32,33,34,35,36,37,38,39,40,41,42,43,44,45,46,47,48,49,50,51,52,53,54
,,,,,1_3.tif,1_4.tif,1_5.tif,1_6.tif,1_7.tif,1_8.tif,1_9.tif,1_10.tif,1_11.tif,1_12.tif,1_13.tif,1_14.tif,1_15.tif,1_16.tif,1_17.tif,1_18.tif,1_19.tif,1_20.tif,1_21.tif,1_22.tif,1_23.tif,1_24.tif,1_25.tif,1_26.tif,1_27.tif,1_28.tif,1_29.tif,1_30.tif,1_31.tif,1_32.tif,1_33.tif,1_34.tif,1_35.tif,1_36.tif,1_37.tif,1_38.tif,1_39.tif,1_40.tif,1_41.tif,1_42.tif,1_43.tif,1_44.tif,1_45.tif,1_46.tif,1_47.tif,1_48.tif,1_49.tif,1_50.tif,1_51.tif,,,,,,,,,,,,,,,,,,,,,,,,,,
,,,,,,,,,,,,,,,,,,2_16.tif,2_17.tif,2_18.tif,2_19.tif,2_20.tif,2_21.tif,2_22.tif,2_23.tif,2_24.tif,2_25.tif,2_26.tif,2_27.tif,2_28.tif,2_29.tif,2_30.tif,2_31.tif,2_32.tif,2_33.tif,2_34.tif,2_35.tif,2_36.tif,2_37.tif,2_38.tif,2_39.tif,2_40.tif,2_41.tif,2_42.tif,2_43.tif,2_44.tif,2_45.tif,2_46.tif,2_47.tif,2_48.tif,2_49.tif,2_50.tif,2_51.tif,,,,,,,,,,,,,,,,,,,,,,,,,,
,,,,,3_1.tif,3_2.tif,3_3.tif,3_4.tif,3_5.tif,3_6.tif,3_7.tif,3_8.tif,3_9.tif,3_10.tif,3_11.tif,3_12.tif,3_13.tif,3_14.tif,3_15.tif,3_16.tif,3_17.tif,3_18.tif,3_19.tif,3_20.tif,3_21.tif,,,,,,,,,,,,,,,,,,,,,,,,,,,,,,,,,,,,,,,,,,,,,,,,,,,,,,
,,,,,,,,,,,,4_9.tif,4_10.tif,4_11.tif,4_12.tif,4_13.tif,4_14.tif,4_15.tif,4_16.tif,4_17.tif,4_18.tif,4_19.tif,4_20.tif,4_21.tif,4_22.tif,4_23.tif,4_24.tif,4_25.tif,,,,,,,,,,,,,,,,,,,,,,,,,,,,,,,,,,,,,,,,,,,,,,,,,,,
,,,,5_1.tif,5_2.tif,5_3.tif,5_4.tif,5_5.tif,5_6.tif,5_7.tif,5_8.tif,5_9.tif,5_10.tif,5_11.tif,5_12.tif,5_13.tif,5_14.tif,5_15.tif,5_16.tif,5_17.tif,5_18.tif,5_19.tif,5_20.tif,5_21.tif,5_22.tif,5_23.tif,5_24.tif,5_25.tif,5_26.tif,5_27.tif,5_28.tif,5_29.tif,5_30.tif,5_31.tif,5_32.tif,5_33.tif,5_34.tif,5_35.tif,5_36.tif,5_37.tif,5_38.tif,5_39.tif,5_40.tif,5_41.tif,5_42.tif,5_43.tif,5_44.tif,5_45.tif,5_46.tif,5_47.tif,5_48.tif,5_49.tif,5_50.tif,5_51.tif,,,,,,,,,,,,,,,,,,,,,,,,,
,,,,,,,6_4.tif,6_5.tif,6_6.tif,6_7.tif,6_8.tif,6_9.tif,6_10.tif,6_11.tif,6_12.tif,6_13.tif,6_14.tif,6_15.tif,6_16.tif,6_17.tif,6_18.tif,6_19.tif,6_20.tif,6_21.tif,6_22.tif,,,,,,,,,,,,,,,,,,,,,,,,,,,,,,,,,,,,,,,,,,,,,,,,,,,,,,
,,,,,,,,,,7_5.tif,7_6.tif,7_7.tif,7_8.tif,7_9.tif,7_10.tif,7_11.tif,7_12.tif,7_13.tif,7_14.tif,7_15.tif,7_16.tif,7_17.tif,7_18.tif,7_19.tif,7_20.tif,7_21.tif,7_22.tif,7_23.tif,7_24.tif,,,,,,,,,,,,,,,,,,,,,,,,,,,,,,,,,,,,,,,,,,,,,,,,,,
,,,,,,,,,8_1.tif,8_2.tif,8_3.tif,8_4.tif,8_5.tif,8_6.tif,8_7.tif,8_8.tif,8_9.tif,8_10.tif,8_11.tif,8_12.tif,8_13.tif,8_14.tif,8_15.tif,8_16.tif,8_17.tif,,,,,,,,,,,,,,,,,,,,,,,,,,,,,,,,,,,,,,,,,,,,,,,,,,,,,,
,,,,,,,,,,,,,,,,,,,,,,,,,9_18.tif,9_19.tif,9_20.tif,9_21.tif,9_22.tif,9_23.tif,9_24.tif,9_25.tif,9_26.tif,9_27.tif,9_28.tif,9_29.tif,9_30.tif,9_31.tif,9_32.tif,9_33.tif,9_34.tif,,,,,,,,,,,,,,,,,,,,,,,,,,,,,,,,,,,,,,
,,,,,,,,,,,,,,,10_10.tif,10_11.tif,10_12.tif,10_13.tif,10_14.tif,10_15.tif,10_16.tif,10_17.tif,10_18.tif,10_19.tif,10_20.tif,,,,,,,,,,,,,,,,,,,,,,,,,,,,,,,,,,,,,,,,,,,,,,,,,,,,,,
,,,,,,,,,,,,,,,,,,,,,,,,,11_21.tif,11_22.tif,11_23.tif,11_24.tif,11_25.tif,11_26.tif,11_27.tif,11_28.tif,11_29.tif,11_30.tif,11_31.tif,11_32.tif,11_33.tif,11_34.tif,11_35.tif,11_36.tif,11_37.tif,,,,,,,,,,,,,,,,,,,,,,,,,,,,,,,,,,,,,,
,,,,,,,,,12_1.tif,12_2.tif,12_3.tif,12_4.tif,12_5.tif,12_6.tif,12_7.tif,12_8.tif,12_9.tif,12_10.tif,12_11.tif,12_12.tif,12_13.tif,12_14.tif,12_15.tif,12_16.tif,12_17.tif,12_18.tif,12_19.tif,12_20.tif,12_21.tif,12_22.tif,12_23.tif,12_24.tif,12_25.tif,12_26.tif,12_27.tif,12_28.tif,12_29.tif,12_30.tif,12_31.tif,12_32.tif,12_33.tif,12_34.tif,12_35.tif,12_36.tif,12_37.tif,12_38.tif,12_39.tif,12_40.tif,12_41.tif,12_42.tif,12_43.tif,12_44.tif,,,,,,,,,,,,,,,,,,,,,,,,,,,
,,,,,,,,13_1.tif,13_2.tif,13_3.tif,13_4.tif,13_5.tif,13_6.tif,13_7.tif,13_8.tif,13_9.tif,13_10.tif,13_11.tif,13_12.tif,13_13.tif,13_14.tif,13_15.tif,13_16.tif,13_17.tif,13_18.tif,13_19.tif,13_20.tif,13_21.tif,13_22.tif,13_23.tif,13_24.tif,13_25.tif,13_26.tif,13_27.tif,13_28.tif,13_29.tif,13_30.tif,13_31.tif,13_32.tif,13_33.tif,13_34.tif,13_35.tif,13_36.tif,13_37.tif,13_38.tif,13_39.tif,13_40.tif,13_41.tif,13_42.tif,13_43.tif,13_44.tif,13_45.tif,13_46.tif,13_47.tif,13_48.tif,13_49.tif,13_50.tif,13_51.tif,,,,,,,,,,,,,,,,,,,,,
,,,,,,,,14_1.tif,14_2.tif,14_3.tif,14_4.tif,14_5.tif,14_6.tif,14_7.tif,14_8.tif,14_9.tif,14_10.tif,14_11.tif,14_12.tif,14_13.tif,14_14.tif,14_15.tif,14_16.tif,14_17.tif,14_18.tif,14_19.tif,14_20.tif,14_21.tif,14_22.tif,14_23.tif,14_24.tif,14_25.tif,14_26.tif,14_27.tif,14_28.tif,14_29.tif,14_30.tif,14_31.tif,14_32.tif,14_33.tif,14_34.tif,14_35.tif,14_36.tif,14_37.tif,14_38.tif,14_39.tif,14_40.tif,14_41.tif,14_42.tif,14_43.tif,14_44.tif,14_45.tif,14_46.tif,,,,,,,,,,,,,,,,,,,,,,,,,,
,,,,,,,,15_1.tif,15_2.tif,15_3.tif,15_4.tif,15_5.tif,15_6.tif,15_7.tif,15_8.tif,15_9.tif,15_10.tif,15_11.tif,15_12.tif,15_13.tif,15_14.tif,15_15.tif,15_16.tif,15_17.tif,15_18.tif,15_19.tif,15_20.tif,15_21.tif,15_22.tif,15_23.tif,15_24.tif,15_25.tif,15_26.tif,15_27.tif,15_28.tif,15_29.tif,15_30.tif,15_31.tif,15_32.tif,15_33.tif,15_34.tif,15_35.tif,,,,,,,,,,,,,,,,,,,,,,,,,,,,,,,,,,,,,
,,,,,,,,,,,,,,,,,,,16_11.tif,16_12.tif,16_13.tif,16_14.tif,16_15.tif,16_16.tif,16_17.tif,16_18.tif,16_19.tif,16_20.tif,16_21.tif,16_22.tif,16_23.tif,16_24.tif,16_25.tif,16_26.tif,16_27.tif,16_28.tif,16_29.tif,16_30.tif,16_31.tif,16_32.tif,16_33.tif,16_34.tif,16_35.tif,,,,,,,,,,,,,,,,,,,,,,,,,,,,,,,,,,,,
,,,,,,,,,,17_2.tif,17_3.tif,17_4.tif,17_5.tif,17_6.tif,17_7.tif,17_8.tif,17_9.tif,17_10.tif,17_11.tif,17_12.tif,17_13.tif,17_14.tif,17_15.tif,17_16.tif,17_17.tif,17_18.tif,17_19.tif,17_20.tif,17_21.tif,17_22.tif,,,,,,,,,,,,,,,,,,,,,,,,,,,,,,,,,,,,,,,,,,,,,,,,,
,,,,,,,,,18_1.tif,18_2.tif,18_3.tif,18_4.tif,18_5.tif,18_6.tif,18_7.tif,18_8.tif,18_9.tif,18_10.tif,18_11.tif,18_12.tif,18_13.tif,18_14.tif,18_15.tif,18_16.tif,18_17.tif,18_18.tif,18_19.tif,18_20.tif,18_21.tif,18_22.tif,18_23.tif,18_24.tif,18_25.tif,18_26.tif,18_27.tif,,,,,,,,,,,,,,,,,,,,,,,,,,,,,,,,,,,,,,,,,,,,
,,,,,,,,,,,,,,,,,,,,,,,19_14.tif,19_15.tif,19_16.tif,19_17.tif,19_18.tif,19_19.tif,19_20.tif,19_21.tif,19_22.tif,19_23.tif,19_24.tif,19_25.tif,19_26.tif,19_27.tif,,,,,,,,,,,,,,,,,,,,,,,,,,,,,,,,,,,,,,,,,,,
,,,,,,,,,,,,,,20_6.tif,20_7.tif,20_8.tif,20_9.tif,20_10.tif,20_11.tif,20_12.tif,20_13.tif,20_14.tif,20_15.tif,20_16.tif,20_17.tif,20_18.tif,20_19.tif,20_20.tif,20_21.tif,20_22.tif,20_23.tif,20_24.tif,20_25.tif,20_26.tif,20_27.tif,20_28.tif,20_29.tif,20_30.tif,20_31.tif,20_32.tif,20_33.tif,20_34.tif,20_35.tif,20_36.tif,,,,,,,,,,,,,,,,,,,,,,,,,,,,,,,,,,,
,,,,,,,,,,,,,,,,,,,,,,21_14.tif,21_15.tif,21_16.tif,21_17.tif,21_18.tif,21_19.tif,21_20.tif,21_21.tif,21_22.tif,21_23.tif,21_24.tif,,,,,,,,,,,,,,,,,,,,,,,,,,,,,,,,,,,,,,,,,,,,,,,
,,,,,,,,,,,,,,,,,,22_10.tif,22_11.tif,22_12.tif,22_13.tif,22_14.tif,22_15.tif,22_16.tif,22_17.tif,22_18.tif,22_19.tif,22_20.tif,22_21.tif,22_22.tif,,,,,,,,,,,,,,,,,,,,,,,,,,,,,,,,,,,,,,,,,,,,,,,,,
,,,,,,,,,,,,,,,,,,,,,,23_16.tif,23_17.tif,23_18.tif,23_19.tif,23_20.tif,23_21.tif,23_22.tif,,,,,,,,,,,,,,,,,,,,,,,,,,,,,,,,,,,,,,,,,,,,,,,,,,,
,,,,,,,,,,,,,,,,,,,,,24_14.tif,24_15.tif,24_16.tif,24_17.tif,24_18.tif,24_19.tif,24_20.tif,24_21.tif,24_22.tif,24_23.tif,,,,,,,,,,,,,,,,,,,,,,,,,,,,,,,,,,,,,,,,,,,,,,,,,
,,,,,,,,,,,,,,,,,,,,,,,25_15.tif,25_16.tif,25_17.tif,25_18.tif,25_19.tif,25_20.tif,25_21.tif,25_22.tif,25_23.tif,25_24.tif,25_25.tif,25_26.tif,25_27.tif,25_28.tif,25_29.tif,25_30.tif,,,,,,,,,,,,,,,,,,,,,,,,,,,,,,,,,,,,,,,,,
,,,,,,,,,,26_1.tif,26_2.tif,26_3.tif,26_4.tif,26_5.tif,26_6.tif,26_7.tif,26_8.tif,26_9.tif,26_10.tif,26_11.tif,26_12.tif,26_13.tif,26_14.tif,26_15.tif,26_16.tif,26_17.tif,26_18.tif,26_19.tif,26_20.tif,26_21.tif,26_22.tif,26_23.tif,26_24.tif,26_25.tif,26_26.tif,26_27.tif,26_28.tif,26_29.tif,26_30.tif,26_31.tif,26_32.tif,26_33.tif,26_34.tif,26_35.tif,26_36.tif,26_37.tif,26_38.tif,26_39.tif,26_40.tif,26_41.tif,26_42.tif,26_43.tif,26_44.tif,26_45.tif,26_46.tif,26_47.tif,26_48.tif,26_49.tif,26_50.tif,26_51.tif,26_52.tif,26_53.tif,26_54.tif,26_55.tif,26_56.tif,26_57.tif,,,,,,,,,,,,,
,,,,,,,,,,,,,,,,,,27_13.tif,27_14.tif,27_15.tif,27_16.tif,27_17.tif,27_18.tif,27_19.tif,27_20.tif,27_21.tif,27_22.tif,27_23.tif,27_24.tif,27_25.tif,27_26.tif,27_27.tif,27_28.tif,27_29.tif,27_30.tif,27_31.tif,27_32.tif,27_33.tif,27_34.tif,27_35.tif,27_36.tif,27_37.tif,27_38.tif,27_39.tif,27_40.tif,27_41.tif,27_42.tif,27_43.tif,27_44.tif,27_45.tif,27_46.tif,27_47.tif,27_48.tif,27_49.tif,27_50.tif,,,,,,,,,,,,,,,,,,,,,,,,
,,,,,,,,,,,,,,,28_10.tif,28_11.tif,28_12.tif,28_13.tif,28_14.tif,28_15.tif,28_16.tif,28_17.tif,28_18.tif,28_19.tif,28_20.tif,28_21.tif,28_22.tif,28_23.tif,28_24.tif,28_25.tif,28_26.tif,28_27.tif,28_28.tif,28_29.tif,28_30.tif,28_31.tif,28_32.tif,28_33.tif,28_34.tif,28_35.tif,28_36.tif,28_37.tif,28_38.tif,28_39.tif,28_40.tif,28_41.tif,28_42.tif,28_43.tif,28_44.tif,28_45.tif,28_46.tif,28_47.tif,28_48.tif,28_49.tif,,,,,,,,,,,,,,,,,,,,,,,,,
,,,,,29_1.tif,29_2.tif,29_3.tif,29_4.tif,29_5.tif,29_6.tif,29_7.tif,29_8.tif,29_9.tif,29_10.tif,29_11.tif,29_12.tif,29_13.tif,29_14.tif,29_15.tif,29_16.tif,29_17.tif,29_18.tif,29_19.tif,29_20.tif,29_21.tif,29_22.tif,29_23.tif,29_24.tif,29_25.tif,29_26.tif,29_27.tif,29_28.tif,29_29.tif,29_30.tif,29_31.tif,29_32.tif,29_33.tif,,,,,,,,,,,,,,,,,,,,,,,,,,,,,,,,,,,,,,,,,,
,,,,,,,,,,,,,,,,,,,,,,,,,30_20.tif,30_21.tif,30_22.tif,30_23.tif,30_24.tif,30_25.tif,30_26.tif,,,,,,,,,,,,,,,,,,,,,,,,,,,,,,,,,,,,,,,,,,,,,,,,
,,,,,31_1.tif,31_2.tif,31_3.tif,31_4.tif,31_5.tif,31_6.tif,31_7.tif,31_8.tif,31_9.tif,31_10.tif,31_11.tif,31_12.tif,31_13.tif,31_14.tif,31_15.tif,31_16.tif,31_17.tif,31_18.tif,31_19.tif,31_20.tif,31_21.tif,,,,,,,,,,,,,,,,,,,,,,,,,,,,,,,,,,,,,,,,,,,,,,,,,,,,,,
,,,,,,,,,,,32_6.tif,32_7.tif,32_8.tif,32_9.tif,32_10.tif,32_11.tif,32_12.tif,32_13.tif,32_14.tif,32_15.tif,32_16.tif,32_17.tif,32_18.tif,32_19.tif,32_20.tif,32_21.tif,32_22.tif,32_23.tif,,,,,,,,,,,,,,,,,,,,,,,,,,,,,,,,,,,,,,,,,,,,,,,,,,,
,,,,,,33_1.tif,33_2.tif,33_3.tif,33_4.tif,33_5.tif,33_6.tif,33_7.tif,33_8.tif,33_9.tif,33_10.tif,33_11.tif,33_12.tif,33_13.tif,33_14.tif,33_15.tif,33_16.tif,33_17.tif,33_18.tif,33_19.tif,33_20.tif,33_21.tif,33_22.tif,33_23.tif,33_24.tif,33_25.tif,33_26.tif,33_27.tif,33_28.tif,33_29.tif,33_30.tif,33_31.tif,33_32.tif,33_33.tif,33_34.tif,33_35.tif,33_36.tif,33_37.tif,33_38.tif,33_39.tif,33_40.tif,,,,,,,,,,,,,,,,,,,,,,,,,,,,,,,,,,
,,,,,,,,,,,,,,,,,,,,34_14.tif,34_15.tif,34_16.tif,34_17.tif,34_18.tif,34_19.tif,34_20.tif,34_21.tif,34_22.tif,34_23.tif,34_24.tif,34_25.tif,34_26.tif,34_27.tif,34_28.tif,,,,,,,,,,,,,,,,,,,,,,,,,,,,,,,,,,,,,,,,,,,,,
,,,,,,,,,,,35_5.tif,35_6.tif,35_7.tif,35_8.tif,35_9.tif,35_10.tif,35_11.tif,35_12.tif,35_13.tif,35_14.tif,35_15.tif,35_16.tif,35_17.tif,35_18.tif,35_19.tif,35_20.tif,35_21.tif,35_22.tif,35_23.tif,35_24.tif,35_25.tif,35_26.tif,,,,,,,,,,,,,,,,,,,,,,,,,,,,,,,,,,,,,,,,,,,,,,,
,,,,,,,,,,,,,,,,,,,,,,,36_18.tif,36_19.tif,36_20.tif,36_21.tif,36_22.tif,36_23.tif,36_24.tif,36_25.tif,36_26.tif,36_27.tif,36_28.tif,36_29.tif,36_30.tif,36_31.tif,36_32.tif,36_33.tif,36_34.tif,36_35.tif,36_36.tif,,,,,,,,,,,,,,,,,,,,,,,,,,,,,,,,,,,,,,
,,,,,,,,,,,,,,,,,,,,,,,37_18.tif,37_19.tif,37_20.tif,37_21.tif,37_22.tif,37_23.tif,37_24.tif,37_25.tif,37_26.tif,37_27.tif,37_28.tif,37_29.tif,37_30.tif,37_31.tif,37_32.tif,37_33.tif,37_34.tif,37_35.tif,37_36.tif,37_37.tif,37_38.tif,37_39.tif,37_40.tif,37_41.tif,37_42.tif,37_43.tif,37_44.tif,37_45.tif,37_46.tif,37_47.tif,37_48.tif,37_49.tif,37_50.tif,37_51.tif,37_52.tif,37_53.tif,,,,,,,,,,,,,,,,,,,,,
,,,,,,,38_2.tif,38_3.tif,38_4.tif,38_5.tif,38_6.tif,38_7.tif,38_8.tif,38_9.tif,38_10.tif,38_11.tif,38_12.tif,38_13.tif,38_14.tif,38_15.tif,38_16.tif,38_17.tif,38_18.tif,38_19.tif,38_20.tif,38_21.tif,38_22.tif,38_23.tif,38_24.tif,38_25.tif,38_26.tif,38_27.tif,38_28.tif,38_29.tif,38_30.tif,38_31.tif,38_32.tif,38_33.tif,38_34.tif,38_35.tif,38_36.tif,38_37.tif,38_38.tif,,,,,,,,,,,,,,,,,,,,,,,,,,,,,,,,,,,,
,,,,,,39_1.tif,39_2.tif,39_3.tif,39_4.tif,39_5.tif,39_6.tif,39_7.tif,39_8.tif,39_9.tif,39_10.tif,39_11.tif,39_12.tif,39_13.tif,39_14.tif,39_15.tif,39_16.tif,39_17.tif,39_18.tif,39_19.tif,39_20.tif,39_21.tif,39_22.tif,39_23.tif,39_24.tif,39_25.tif,39_26.tif,39_27.tif,39_28.tif,39_29.tif,39_30.tif,39_31.tif,39_32.tif,39_33.tif,39_34.tif,39_35.tif,39_36.tif,39_37.tif,39_38.tif,,,,,,,,,,,,,,,,,,,,,,,,,,,,,,,,,,,,
,,,,,,,,,,,,,,,,,,,,,40_16.tif,40_17.tif,40_18.tif,40_19.tif,40_20.tif,40_21.tif,40_22.tif,40_23.tif,40_24.tif,40_25.tif,40_26.tif,40_27.tif,40_28.tif,40_29.tif,40_30.tif,40_31.tif,40_32.tif,40_33.tif,,,,,,,,,,,,,,,,,,,,,,,,,,,,,,,,,,,,,,,,,
,,,,,,,,,,,,,,,,41_11.tif,41_12.tif,41_13.tif,41_14.tif,41_15.tif,41_16.tif,41_17.tif,41_18.tif,41_19.tif,41_20.tif,41_21.tif,41_22.tif,41_23.tif,41_24.tif,41_25.tif,41_26.tif,41_27.tif,41_28.tif,41_29.tif,41_30.tif,,,,,,,,,,,,,,,,,,,,,,,,,,,,,,,,,,,,,,,,,,,,
,,,,,,,,,,,,,,42_9.tif,42_10.tif,42_11.tif,42_12.tif,42_13.tif,42_14.tif,42_15.tif,42_16.tif,42_17.tif,42_18.tif,42_19.tif,42_20.tif,42_21.tif,42_22.tif,42_23.tif,42_24.tif,42_25.tif,42_26.tif,42_27.tif,42_28.tif,42_29.tif,42_30.tif,42_31.tif,42_32.tif,42_33.tif,42_34.tif,42_35.tif,42_36.tif,,,,,,,,,,,,,,,,,,,,,,,,,,,,,,,,,,,,,,
,,,,,,,,,,,,,,43_9.tif,43_10.tif,43_11.tif,43_12.tif,43_13.tif,43_14.tif,43_15.tif,43_16.tif,43_17.tif,43_18.tif,43_19.tif,43_20.tif,43_21.tif,43_22.tif,43_23.tif,43_24.tif,43_25.tif,43_26.tif,43_27.tif,43_28.tif,43_29.tif,43_30.tif,,,,,,,,,,,,,,,,,,,,,,,,,,,,,,,,,,,,,,,,,,,,
,,,,,,44_1.tif,44_2.tif,44_3.tif,44_4.tif,44_5.tif,44_6.tif,44_7.tif,44_8.tif,44_9.tif,44_10.tif,44_11.tif,44_12.tif,44_13.tif,44_14.tif,44_15.tif,44_16.tif,44_17.tif,44_18.tif,44_19.tif,44_20.tif,44_21.tif,44_22.tif,44_23.tif,44_24.tif,44_25.tif,44_26.tif,44_27.tif,44_28.tif,44_29.tif,44_30.tif,44_31.tif,44_32.tif,44_33.tif,44_34.tif,44_35.tif,44_36.tif,44_37.tif,44_38.tif,44_39.tif,44_40.tif,44_41.tif,44_42.tif,44_43.tif,44_44.tif,44_45.tif,44_46.tif,44_47.tif,44_48.tif,44_49.tif,44_50.tif,44_51.tif,44_52.tif,44_53.tif,44_54.tif,44_55.tif,,,,,,,,,,,,,,,,,,,
,,,,,,,,,,,,,,,,,,,45_14.tif,45_15.tif,45_16.tif,45_17.tif,45_18.tif,45_19.tif,45_20.tif,45_21.tif,45_22.tif,45_23.tif,45_24.tif,45_25.tif,45_26.tif,45_27.tif,45_28.tif,45_29.tif,45_30.tif,45_31.tif,,,,,,,,,,,,,,,,,,,,,,,,,,,,,,,,,,,,,,,,,,,
,,,,,,,,,,,,,,46_8.tif,46_9.tif,46_10.tif,46_11.tif,46_12.tif,46_13.tif,46_14.tif,46_15.tif,46_16.tif,46_17.tif,46_18.tif,46_19.tif,46_20.tif,46_21.tif,46_22.tif,46_23.tif,46_24.tif,,,,,,,,,,,,,,,,,,,,,,,,,,,,,,,,,,,,,,,,,,,,,,,,,
,,,,,,,,,,,,,,,47_8.tif,47_9.tif,47_10.tif,47_11.tif,47_12.tif,47_13.tif,47_14.tif,47_15.tif,47_16.tif,47_17.tif,47_18.tif,47_19.tif,47_20.tif,47_21.tif,47_22.tif,47_23.tif,47_24.tif,,,,,,,,,,,,,,,,,,,,,,,,,,,,,,,,,,,,,,,,,,,,,,,,
,,,,,,,48_2.tif,48_3.tif,48_4.tif,48_5.tif,48_6.tif,48_7.tif,48_8.tif,48_9.tif,48_10.tif,48_11.tif,48_12.tif,48_13.tif,48_14.tif,48_15.tif,48_16.tif,48_17.tif,48_18.tif,48_19.tif,48_20.tif,,,,,,,,,,,,,,,,,,,,,,,,,,,,,,,,,,,,,,,,,,,,,,,,,,,,,,
,,,,,,,49_1.tif,49_2.tif,49_3.tif,49_4.tif,49_5.tif,49_6.tif,49_7.tif,49_8.tif,49_9.tif,49_10.tif,49_11.tif,49_12.tif,49_13.tif,49_14.tif,49_15.tif,49_16.tif,49_17.tif,49_18.tif,49_19.tif,49_20.tif,49_21.tif,49_22.tif,49_23.tif,49_24.tif,49_25.tif,49_26.tif,49_27.tif,49_28.tif,49_29.tif,49_30.tif,49_31.tif,49_32.tif,49_33.tif,49_34.tif,49_35.tif,49_36.tif,49_37.tif,49_38.tif,49_39.tif,49_40.tif,49_41.tif,49_42.tif,49_43.tif,49_44.tif,49_45.tif,49_46.tif,49_47.tif,49_48.tif,49_49.tif,49_50.tif,49_51.tif,49_52.tif,,,,,,,,,,,,,,,,,,,,,
,,,,,,50_1.tif,50_2.tif,50_3.tif,50_4.tif,50_5.tif,50_6.tif,50_7.tif,50_8.tif,50_9.tif,50_10.tif,50_11.tif,50_12.tif,50_13.tif,50_14.tif,50_15.tif,50_16.tif,50_17.tif,50_18.tif,50_19.tif,50_20.tif,50_21.tif,50_22.tif,50_23.tif,50_24.tif,50_25.tif,50_26.tif,50_27.tif,50_28.tif,50_29.tif,50_30.tif,50_31.tif,50_32.tif,50_33.tif,50_34.tif,50_35.tif,50_36.tif,50_37.tif,50_38.tif,50_39.tif,50_40.tif,50_41.tif,50_42.tif,50_43.tif,50_44.tif,50_45.tif,50_46.tif,50_47.tif,50_48.tif,50_49.tif,50_50.tif,50_51.tif,50_52.tif,,,,,,,,,,,,,,,,,,,,,,
,,,,,,,,,,,,,,,,,,51_13.tif,51_14.tif,51_15.tif,51_16.tif,51_17.tif,51_18.tif,51_19.tif,51_20.tif,51_21.tif,51_22.tif,51_23.tif,51_24.tif,51_25.tif,51_26.tif,51_27.tif,51_28.tif,51_29.tif,51_30.tif,51_31.tif,51_32.tif,51_33.tif,51_34.tif,51_35.tif,51_36.tif,51_37.tif,51_38.tif,51_39.tif,51_40.tif,51_41.tif,51_42.tif,51_43.tif,51_44.tif,51_45.tif,51_46.tif,51_47.tif,51_48.tif,51_49.tif,51_50.tif,51_51.tif,51_52.tif,51_53.tif,51_54.tif,51_55.tif,51_56.tif,51_57.tif,51_58.tif,51_59.tif,51_60.tif,51_61.tif,51_62.tif,,,,,,,,,,,,
,,,,,,,,,,,,,,,,,52_11.tif,52_12.tif,52_13.tif,52_14.tif,52_15.tif,52_16.tif,52_17.tif,52_18.tif,52_19.tif,52_20.tif,52_21.tif,52_22.tif,52_23.tif,52_24.tif,52_25.tif,52_26.tif,52_27.tif,52_28.tif,52_29.tif,52_30.tif,52_31.tif,52_32.tif,52_33.tif,52_34.tif,52_35.tif,52_36.tif,52_37.tif,52_38.tif,52_39.tif,52_40.tif,,,,,,,,,,,,,,,,,,,,,,,,,,,,,,,,,
,,,,,,,,,,,,,,,,,,,,,,,,,53_18.tif,53_19.tif,53_20.tif,53_21.tif,53_22.tif,53_23.tif,53_24.tif,53_25.tif,53_26.tif,53_27.tif,53_28.tif,53_29.tif,53_30.tif,53_31.tif,53_32.tif,53_33.tif,53_34.tif,53_35.tif,53_36.tif,53_37.tif,53_38.tif,53_39.tif,53_40.tif,53_41.tif,53_42.tif,53_43.tif,,,,,,,,,,,,,,,,,,,,,,,,,,,,,
,,,,,,,,,,,,,,,,,,,,,,,,,54_19.tif,54_20.tif,54_21.tif,54_22.tif,54_23.tif,54_24.tif,54_25.tif,54_26.tif,54_27.tif,54_28.tif,54_29.tif,54_30.tif,54_31.tif,54_32.tif,54_33.tif,54_34.tif,54_35.tif,54_36.tif,54_37.tif,54_38.tif,54_39.tif,54_40.tif,54_41.tif,54_42.tif,54_43.tif,54_44.tif,54_45.tif,54_46.tif,54_47.tif,54_48.tif,,,,,,,,,,,,,,,,,,,,,,,,,
,,,,,,,,,,,,,,,,,,,,,,,,,55_19.tif,55_20.tif,55_21.tif,55_22.tif,55_23.tif,55_24.tif,55_25.tif,55_26.tif,55_27.tif,55_28.tif,55_29.tif,55_30.tif,55_31.tif,55_32.tif,55_33.tif,55_34.tif,55_35.tif,55_36.tif,55_37.tif,55_38.tif,55_39.tif,55_40.tif,55_41.tif,55_42.tif,55_43.tif,55_44.tif,55_45.tif,55_46.tif,55_47.tif,55_48.tif,55_49.tif,55_50.tif,55_51.tif,55_52.tif,55_53.tif,55_54.tif,55_55.tif,55_56.tif,55_57.tif,55_58.tif,,,,,,,,,,,,,,,
,,,,,,,,56_1.tif,56_2.tif,56_3.tif,56_4.tif,56_5.tif,56_6.tif,56_7.tif,56_8.tif,56_9.tif,56_10.tif,56_11.tif,56_12.tif,56_13.tif,56_14.tif,56_15.tif,56_16.tif,56_17.tif,56_18.tif,56_19.tif,56_20.tif,56_21.tif,56_22.tif,56_23.tif,56_24.tif,56_25.tif,56_26.tif,56_27.tif,56_28.tif,56_29.tif,56_30.tif,56_31.tif,56_32.tif,,,,,,,,,,,,,,,,,,,,,,,,,,,,,,,,,,,,,,,,
,,,,,,,,,,,,,,,,,,,,,,,,57_17.tif,57_18.tif,57_19.tif,57_20.tif,57_21.tif,57_22.tif,57_23.tif,57_24.tif,57_25.tif,57_26.tif,57_27.tif,57_28.tif,57_29.tif,57_30.tif,57_31.tif,57_32.tif,,,,,,,,,,,,,,,,,,,,,,,,,,,,,,,,,,,,,,,,
,,,,,,,,,,,,,,,,,,,,,,,,58_17.tif,58_18.tif,58_19.tif,58_20.tif,58_21.tif,58_22.tif,58_23.tif,58_24.tif,58_25.tif,58_26.tif,58_27.tif,58_28.tif,58_29.tif,58_30.tif,58_31.tif,58_32.tif,58_33.tif,58_34.tif,58_35.tif,58_36.tif,58_37.tif,58_38.tif,,,,,,,,,,,,,,,,,,,,,,,,,,,,,,,,,,
,,,,,,,,,,,,,,,,,,,,,,59_15.tif,59_16.tif,59_17.tif,59_18.tif,59_19.tif,59_20.tif,59_21.tif,59_22.tif,59_23.tif,59_24.tif,59_25.tif,59_26.tif,59_27.tif,59_28.tif,59_29.tif,59_30.tif,59_31.tif,59_32.tif,59_33.tif,59_34.tif,59_35.tif,59_36.tif,59_37.tif,59_38.tif,59_39.tif,59_40.tif,59_41.tif,59_42.tif,59_43.tif,59_44.tif,59_45.tif,59_46.tif,,,,,,,,,,,,,,,,,,,,,,,,,,
,,,,,,,,60_1.tif,60_2.tif,60_3.tif,60_4.tif,60_5.tif,60_6.tif,60_7.tif,60_8.tif,60_9.tif,60_10.tif,60_11.tif,60_12.tif,60_13.tif,60_14.tif,60_15.tif,60_16.tif,60_17.tif,60_18.tif,60_19.tif,60_20.tif,60_21.tif,60_22.tif,60_23.tif,60_24.tif,60_25.tif,60_26.tif,60_27.tif,60_28.tif,60_29.tif,60_30.tif,60_31.tif,60_32.tif,60_33.tif,60_34.tif,60_35.tif,60_36.tif,60_37.tif,60_38.tif,60_39.tif,60_40.tif,60_41.tif,,,,,,,,,,,,,,,,,,,,,,,,,,,,,,,
,,,,,,,,61_1.tif,61_2.tif,61_3.tif,61_4.tif,61_5.tif,61_6.tif,61_7.tif,61_8.tif,61_9.tif,61_10.tif,61_11.tif,61_12.tif,61_13.tif,61_14.tif,61_15.tif,61_16.tif,61_17.tif,61_18.tif,61_19.tif,61_20.tif,61_21.tif,61_22.tif,61_23.tif,61_24.tif,61_25.tif,61_26.tif,61_27.tif,61_28.tif,61_29.tif,61_30.tif,61_31.tif,61_32.tif,61_33.tif,61_34.tif,61_35.tif,,,,,,,,,,,,,,,,,,,,,,,,,,,,,,,,,,,,,
,,,,,,,,62_1.tif,62_2.tif,62_3.tif,62_4.tif,62_5.tif,62_6.tif,62_7.tif,62_8.tif,62_9.tif,62_10.tif,62_11.tif,62_12.tif,62_13.tif,62_14.tif,62_15.tif,62_16.tif,62_17.tif,62_18.tif,62_19.tif,62_20.tif,62_21.tif,62_22.tif,62_23.tif,62_24.tif,62_25.tif,62_26.tif,62_27.tif,62_28.tif,62_29.tif,62_30.tif,62_31.tif,62_32.tif,62_33.tif,62_34.tif,62_35.tif,,,,,,,,,,,,,,,,,,,,,,,,,,,,,,,,,,,,,
,,,,,,,,63_1.tif,63_2.tif,63_3.tif,63_4.tif,63_5.tif,63_6.tif,63_7.tif,63_8.tif,63_9.tif,63_10.tif,63_11.tif,63_12.tif,63_13.tif,63_14.tif,63_15.tif,63_16.tif,63_17.tif,63_18.tif,63_19.tif,63_20.tif,63_21.tif,63_22.tif,63_23.tif,63_24.tif,63_25.tif,63_26.tif,63_27.tif,63_28.tif,63_29.tif,63_30.tif,63_31.tif,63_32.tif,63_33.tif,63_34.tif,63_35.tif,63_36.tif,63_37.tif,63_38.tif,63_39.tif,63_40.tif,,,,,,,,,,,,,,,,,,,,,,,,,,,,,,,,
,,,,,,,,64_1.tif,64_2.tif,64_3.tif,64_4.tif,64_5.tif,64_6.tif,64_7.tif,64_8.tif,64_9.tif,64_10.tif,64_11.tif,64_12.tif,64_13.tif,64_14.tif,64_15.tif,64_16.tif,64_17.tif,64_18.tif,64_19.tif,64_20.tif,64_21.tif,64_22.tif,64_23.tif,,,,,,,,,,,,,,,,,,,,,,,,,,,,,,,,,,,,,,,,,,,,,,,,,
,,,,,,,,,,,,,,,,,,,,,,,65_17.tif,65_18.tif,65_19.tif,65_20.tif,65_21.tif,,,,,,,,,,,,,,,,,,,,,,,,,,,,,,,,,,,,,,,,,,,,,,,,,,,,
,,,,,,,,66_1.tif,66_2.tif,66_3.tif,66_4.tif,66_5.tif,66_6.tif,66_7.tif,66_8.tif,66_9.tif,66_10.tif,66_11.tif,66_12.tif,66_13.tif,66_14.tif,66_15.tif,66_16.tif,66_17.tif,66_18.tif,66_19.tif,66_20.tif,66_21.tif,66_22.tif,66_23.tif,66_24.tif,66_25.tif,,,,,,,,,,,,,,,,,,,,,,,,,,,,,,,,,,,,,,,,,,,,,,,
,,,,,,,,,,,,,,,67_8.tif,67_9.tif,67_10.tif,67_11.tif,67_12.tif,67_13.tif,67_14.tif,67_15.tif,67_16.tif,67_17.tif,67_18.tif,67_19.tif,67_20.tif,67_21.tif,67_22.tif,67_23.tif,67_24.tif,67_25.tif,67_26.tif,67_27.tif,67_28.tif,67_29.tif,67_30.tif,67_31.tif,67_32.tif,67_33.tif,67_34.tif,67_35.tif,67_36.tif,67_37.tif,67_38.tif,67_39.tif,67_40.tif,67_41.tif,67_42.tif,67_43.tif,67_44.tif,67_45.tif,67_46.tif,,,,,,,,,,,,,,,,,,,,,,,,,,
,,,,,,,,,,,,,,,,,,,68_14.tif,68_15.tif,68_16.tif,68_17.tif,68_18.tif,68_19.tif,68_20.tif,68_21.tif,68_22.tif,68_23.tif,68_24.tif,,,,,,,,,,,,,,,,,,,,,,,,,,,,,,,,,,,,,,,,,,,,,,,,,,
,,,,,,,,,,,,,,,,,,,,69_9.tif,69_10.tif,69_11.tif,69_12.tif,69_13.tif,69_14.tif,69_15.tif,69_16.tif,69_17.tif,69_18.tif,69_19.tif,69_20.tif,69_21.tif,69_22.tif,69_23.tif,69_24.tif,69_25.tif,69_26.tif,69_27.tif,69_28.tif,69_29.tif,69_30.tif,69_31.tif,69_32.tif,69_33.tif,69_34.tif,69_35.tif,69_36.tif,69_37.tif,69_38.tif,69_39.tif,69_40.tif,69_41.tif,69_42.tif,69_43.tif,69_44.tif,69_45.tif,69_46.tif,69_47.tif,69_48.tif,,,,,,,,,,,,,,,,,,,,
,,,,,,,,,,,70_1.tif,70_2.tif,70_3.tif,70_4.tif,70_5.tif,70_6.tif,70_7.tif,70_8.tif,70_9.tif,70_10.tif,70_11.tif,70_12.tif,70_13.tif,70_14.tif,70_15.tif,70_16.tif,70_17.tif,,,,,,,,,,,,,,,,,,,,,,,,,,,,,,,,,,,,,,,,,,,,,,,,,,,,
,,,,,,,,,,,,71_1.tif,71_2.tif,71_3.tif,71_4.tif,71_5.tif,71_6.tif,71_7.tif,71_8.tif,71_9.tif,71_10.tif,71_11.tif,71_12.tif,71_13.tif,71_14.tif,71_15.tif,,,,,,,,,,,,,,,,,,,,,,,,,,,,,,,,,,,,,,,,,,,,,,,,,,,,,
,,,,,,,,,,,,72_1.tif,72_2.tif,72_3.tif,72_4.tif,72_5.tif,72_6.tif,72_7.tif,72_8.tif,72_9.tif,72_10.tif,72_11.tif,72_12.tif,72_13.tif,72_14.tif,72_15.tif,,,,,,,,,,,,,,,,,,,,,,,,,,,,,,,,,,,,,,,,,,,,,,,,,,,,,
,,,,,,,,,,,,73_1.tif,73_2.tif,73_3.tif,73_4.tif,73_5.tif,73_6.tif,73_7.tif,73_8.tif,73_9.tif,73_10.tif,73_11.tif,73_12.tif,73_13.tif,73_14.tif,73_15.tif,73_16.tif,73_17.tif,73_18.tif,73_19.tif,73_20.tif,,,,,,,,,,,,,,,,,,,,,,,,,,,,,,,,,,,,,,,,,,,,,,,,
,,,,,,,,,,,,74_1.tif,74_2.tif,74_3.tif,74_4.tif,74_5.tif,74_6.tif,74_7.tif,74_8.tif,74_9.tif,74_10.tif,74_11.tif,74_12.tif,74_13.tif,74_14.tif,74_15.tif,74_16.tif,74_17.tif,74_18.tif,74_19.tif,74_20.tif,74_21.tif,74_22.tif,74_23.tif,74_24.tif,74_25.tif,74_26.tif,74_27.tif,74_28.tif,74_29.tif,74_30.tif,74_31.tif,74_32.tif,74_33.tif,74_34.tif,74_35.tif,74_36.tif,74_37.tif,74_38.tif,74_39.tif,74_40.tif,74_41.tif,74_42.tif,74_43.tif,74_44.tif,,,,,,,,,,,,,,,,,,,,,,,,
,,,,,,,,,,,,,75_1.tif,75_2.tif,75_3.tif,75_4.tif,75_5.tif,75_6.tif,75_7.tif,75_8.tif,75_9.tif,75_10.tif,75_11.tif,75_12.tif,75_13.tif,75_14.tif,,,,,,,,,,,,,,,,,,,,,,,,,,,,,,,,,,,,,,,,,,,,,,,,,,,,,
,,,,,,,,,,,,,,,,,,,,76_8.tif,76_9.tif,76_10.tif,76_11.tif,76_12.tif,76_13.tif,76_14.tif,76_15.tif,76_16.tif,76_17.tif,76_18.tif,76_19.tif,76_20.tif,76_21.tif,76_22.tif,76_23.tif,,,,,,,,,,,,,,,,,,,,,,,,,,,,,,,,,,,,,,,,,,,,
,,,,,,,,,,,,,77_1.tif,77_2.tif,77_3.tif,77_4.tif,77_5.tif,77_6.tif,77_7.tif,77_8.tif,77_9.tif,77_10.tif,77_11.tif,77_12.tif,77_13.tif,77_14.tif,77_15.tif,77_16.tif,77_17.tif,77_18.tif,77_19.tif,77_20.tif,77_21.tif,77_22.tif,77_23.tif,77_24.tif,77_25.tif,77_26.tif,77_27.tif,77_28.tif,77_29.tif,77_30.tif,77_31.tif,77_32.tif,77_33.tif,77_34.tif,77_35.tif,77_36.tif,77_37.tif,77_38.tif,77_39.tif,77_40.tif,77_41.tif,77_42.tif,77_43.tif,77_44.tif,77_45.tif,77_46.tif,77_47.tif,77_48.tif,,,,,,,,,,,,,,,,,,,
,,,,,,,,,,,,,,78_2.tif,78_3.tif,78_4.tif,78_5.tif,78_6.tif,78_7.tif,78_8.tif,78_9.tif,78_10.tif,78_11.tif,78_12.tif,78_13.tif,78_14.tif,78_15.tif,78_16.tif,78_17.tif,78_18.tif,78_19.tif,78_20.tif,78_21.tif,78_22.tif,78_23.tif,78_24.tif,78_25.tif,78_26.tif,78_27.tif,78_28.tif,78_29.tif,78_30.tif,78_31.tif,78_32.tif,78_33.tif,78_34.tif,78_35.tif,78_36.tif,78_37.tif,78_38.tif,78_39.tif,78_40.tif,78_41.tif,78_42.tif,78_43.tif,78_44.tif,78_45.tif,78_46.tif,78_47.tif,78_48.tif,78_49.tif,78_50.tif,78_51.tif,,,,,,,,,,,,,,,,
,,,,,,,,,,,,,79_1.tif,79_2.tif,79_3.tif,79_4.tif,79_5.tif,79_6.tif,79_7.tif,79_8.tif,79_9.tif,79_10.tif,79_11.tif,79_12.tif,79_13.tif,79_14.tif,79_15.tif,79_16.tif,79_17.tif,79_18.tif,79_19.tif,79_20.tif,79_21.tif,79_22.tif,79_23.tif,79_24.tif,79_25.tif,79_26.tif,79_27.tif,79_28.tif,79_29.tif,79_30.tif,79_31.tif,79_32.tif,79_33.tif,79_34.tif,79_35.tif,79_36.tif,79_37.tif,79_38.tif,79_39.tif,79_40.tif,79_41.tif,79_42.tif,79_43.tif,79_44.tif,79_45.tif,,,,,,,,,,,,,,,,,,,,,,
,,,,,,,,,,,,,,,,80_1.tif,80_2.tif,80_3.tif,80_4.tif,80_5.tif,80_6.tif,80_7.tif,80_8.tif,80_9.tif,80_10.tif,80_11.tif,80_12.tif,80_13.tif,80_14.tif,80_15.tif,80_16.tif,80_17.tif,80_18.tif,80_19.tif,80_20.tif,,,,,,,,,,,,,,,,,,,,,,,,,,,,,,,,,,,,,,,,,,,,
,,,,,,,,,,,,,,,81_1.tif,81_2.tif,81_3.tif,81_4.tif,81_5.tif,81_6.tif,81_7.tif,81_8.tif,81_9.tif,81_10.tif,81_11.tif,81_12.tif,81_13.tif,81_14.tif,81_15.tif,81_16.tif,81_17.tif,81_18.tif,81_19.tif,81_20.tif,81_21.tif,,,,,,,,,,,,,,,,,,,,,,,,,,,,,,,,,,,,,,,,,,,,
,,,,,,,,,,,,,,,,82_2.tif,82_3.tif,82_4.tif,82_5.tif,82_6.tif,82_7.tif,82_8.tif,82_9.tif,82_10.tif,82_11.tif,82_12.tif,82_13.tif,82_14.tif,82_15.tif,82_16.tif,82_17.tif,82_18.tif,82_19.tif,82_20.tif,82_21.tif,82_22.tif,82_23.tif,82_24.tif,82_25.tif,82_26.tif,82_27.tif,82_28.tif,82_29.tif,82_30.tif,82_31.tif,82_32.tif,82_33.tif,82_34.tif,82_35.tif,82_36.tif,82_37.tif,82_38.tif,82_39.tif,82_40.tif,,,,,,,,,,,,,,,,,,,,,,,,,
,,,,,,,,,,,,,,,,,,,,,83_5.tif,83_6.tif,83_7.tif,83_8.tif,83_9.tif,83_10.tif,83_11.tif,,,,,,,,,,,,,,,,,,,,,,,,,,,,,,,,,,,,,,,,,,,,,,,,,,,,
,,,,,,,,,,,,,,,,,,,,,84_5.tif,84_6.tif,84_7.tif,84_8.tif,84_9.tif,84_10.tif,84_11.tif,,,,,,,,,,,,,,,,,,,,,,,,,,,,,,,,,,,,,,,,,,,,,,,,,,,,
,,,,,,,,,,,,,,,,,,,,,85_5.tif,85_6.tif,85_7.tif,85_8.tif,85_9.tif,85_10.tif,85_11.tif,,,,,,,,,,,,,,,,,,,,,,,,,,,,,,,,,,,,,,,,,,,,,,,,,,,,
,,,,,,,,,,,,,,,,,,,,,,,,,86_9.tif,86_10.tif,86_11.tif,86_12.tif,86_13.tif,86_14.tif,86_15.tif,86_16.tif,86_17.tif,86_18.tif,86_19.tif,86_20.tif,86_21.tif,86_22.tif,86_23.tif,,,,,,,,,,,,,,,,,,,,,,,,,,,,,,,,,,,,,,,,
,,,,,,,,,,,,,,,,,,87_2.tif,87_3.tif,87_4.tif,87_5.tif,87_6.tif,87_7.tif,87_8.tif,87_9.tif,87_10.tif,87_11.tif,,,,,,,,,,,,,,,,,,,,,,,,,,,,,,,,,,,,,,,,,,,,,,,,,,,,
,,,,,,,,,,,,,,,88_1.tif,88_2.tif,88_3.tif,88_4.tif,88_5.tif,88_6.tif,88_7.tif,88_8.tif,88_9.tif,88_10.tif,88_11.tif,88_12.tif,88_13.tif,88_14.tif,,,,,,,,,,,,,,,,,,,,,,,,,,,,,,,,,,,,,,,,,,,,,,,,,,,
,,,,,,,,,,,,,,,,,,,,,,89_7.tif,89_8.tif,89_9.tif,89_10.tif,89_11.tif,89_12.tif,89_13.tif,89_14.tif,,,,,,,,,,,,,,,,,,,,,,,,,,,,,,,,,,,,,,,,,,,,,,,,,,
,,,,,,,,,,,,,,,,,90_11.tif,90_12.tif,90_13.tif,90_14.tif,90_15.tif,90_16.tif,90_17.tif,90_18.tif,90_19.tif,90_20.tif,90_21.tif,90_22.tif,90_23.tif,90_24.tif,90_25.tif,90_26.tif,,,,,,,,,,,,,,,,,,,,,,,,,,,,,,,,,,,,,,,,,,,,,,,
,,,,,,91_1.tif,91_2.tif,91_3.tif,91_4.tif,91_5.tif,91_6.tif,91_7.tif,91_8.tif,91_9.tif,91_10.tif,91_11.tif,91_12.tif,91_13.tif,91_14.tif,91_15.tif,91_16.tif,91_17.tif,91_18.tif,91_19.tif,91_20.tif,91_21.tif,91_22.tif,91_23.tif,91_24.tif,91_25.tif,,,,,,,,,,,,,,,,,,,,,,,,,,,,,,,,,,,,,,,,,,,,,,,,,
,,,,,,,,,,,,,,,,,92_12.tif,92_13.tif,92_14.tif,92_15.tif,92_16.tif,92_17.tif,92_18.tif,92_19.tif,92_20.tif,92_21.tif,92_22.tif,92_23.tif,92_24.tif,92_25.tif,,,,,,,,,,,,,,,,,,,,,,,,,,,,,,,,,,,,,,,,,,,,,,,,,
,,,,,,,93_1.tif,93_2.tif,93_3.tif,93_4.tif,93_5.tif,93_6.tif,93_7.tif,93_8.tif,93_9.tif,93_10.tif,93_11.tif,93_12.tif,93_13.tif,93_14.tif,93_15.tif,93_16.tif,93_17.tif,93_18.tif,93_19.tif,93_20.tif,93_21.tif,93_22.tif,93_23.tif,93_24.tif,93_25.tif,93_26.tif,93_27.tif,93_28.tif,,,,,,,,,,,,,,,,,,,,,,,,,,,,,,,,,,,,,,,,,,,,,
,,,,,,,,,,,,,,,,,,,,,,,94_17.tif,94_18.tif,94_19.tif,94_20.tif,94_21.tif,94_22.tif,94_23.tif,94_24.tif,94_25.tif,94_26.tif,94_27.tif,94_28.tif,94_29.tif,94_30.tif,94_31.tif,94_32.tif,94_33.tif,94_34.tif,94_35.tif,94_36.tif,94_37.tif,94_38.tif,94_39.tif,,,,,,,,,,,,,,,,,,,,,,,,,,,,,,,,,,
,,,,,,,,,,,95_5.tif,95_6.tif,95_7.tif,95_8.tif,95_9.tif,95_10.tif,95_11.tif,95_12.tif,95_13.tif,95_14.tif,95_15.tif,95_16.tif,95_17.tif,95_18.tif,95_19.tif,95_20.tif,95_21.tif,95_22.tif,95_23.tif,95_24.tif,95_25.tif,95_26.tif,95_27.tif,95_28.tif,95_29.tif,95_30.tif,95_31.tif,95_32.tif,95_33.tif,95_34.tif,95_35.tif,95_36.tif,95_37.tif,95_38.tif,95_39.tif,95_40.tif,95_41.tif,95_42.tif,95_43.tif,95_44.tif,95_45.tif,95_46.tif,95_47.tif,95_48.tif,95_49.tif,95_50.tif,,,,,,,,,,,,,,,,,,,,,,,
,,,,,,,,96_2.tif,96_3.tif,96_4.tif,96_5.tif,96_6.tif,96_7.tif,96_8.tif,96_9.tif,96_10.tif,96_11.tif,96_12.tif,96_13.tif,96_14.tif,96_15.tif,96_16.tif,96_17.tif,96_18.tif,96_19.tif,96_20.tif,96_21.tif,96_22.tif,96_23.tif,96_24.tif,96_25.tif,96_26.tif,96_27.tif,96_28.tif,96_29.tif,96_30.tif,96_31.tif,96_32.tif,96_33.tif,96_34.tif,96_35.tif,96_36.tif,96_37.tif,96_38.tif,96_39.tif,96_40.tif,96_41.tif,96_42.tif,96_43.tif,96_44.tif,96_45.tif,96_46.tif,96_47.tif,96_48.tif,96_49.tif,96_50.tif,,,,,,,,,,,,,,,,,,,,,,,
,,,,,,,97_1.tif,97_2.tif,97_3.tif,97_4.tif,97_5.tif,97_6.tif,97_7.tif,97_8.tif,97_9.tif,97_10.tif,97_11.tif,97_12.tif,97_13.tif,97_14.tif,97_15.tif,97_16.tif,97_17.tif,97_18.tif,97_19.tif,97_20.tif,97_21.tif,97_22.tif,97_23.tif,97_24.tif,97_25.tif,97_26.tif,97_27.tif,97_28.tif,,,,,,,,,,,,,,,,,,,,,,,,,,,,,,,,,,,,,,,,,,,,,
,,,,,,,,,,,,,,,,98_10.tif,98_11.tif,98_12.tif,98_13.tif,98_14.tif,98_15.tif,98_16.tif,98_17.tif,98_18.tif,98_19.tif,,,,,,,,,,,,,,,,,,,,,,,,,,,,,,,,,,,,,,,,,,,,,,,,,,,,,,
,,,,,,,,,,,,,,,,,,,,,,,,,99_20.tif,99_21.tif,99_22.tif,99_23.tif,99_24.tif,99_25.tif,99_26.tif,99_27.tif,99_28.tif,99_29.tif,99_30.tif,99_31.tif,99_32.tif,99_33.tif,99_34.tif,99_35.tif,99_36.tif,99_37.tif,99_38.tif,99_39.tif,99_40.tif,,,,,,,,,,,,,,,,,,,,,,,,,,,,,,,,,,
,,,,,,,,,,,,,,,,,,,,100_5.tif,100_6.tif,100_7.tif,100_8.tif,100_9.tif,100_10.tif,100_11.tif,100_12.tif,100_13.tif,100_14.tif,100_15.tif,,,,,,,,,,,,,,,,,,,,,,,,,,,,,,,,,,,,,,,,,,,,,,,,,
,,,,,,,,,,,,,,,,,,,,,,,,101_9.tif,101_10.tif,101_11.tif,101_12.tif,101_13.tif,101_14.tif,101_15.tif,,,,,,,,,,,,,,,,,,,,,,,,,,,,,,,,,,,,,,,,,,,,,,,,,
,,,,,,,,,,,,,,,,,,,,,,,,102_9.tif,102_10.tif,102_11.tif,102_12.tif,,,,,,,,,,,,,,,,,,,,,,,,,,,,,,,,,,,,,,,,,,,,,,,,,,,,
,,,,,,,,,,,,,,,,,,103_4.tif,103_5.tif,103_6.tif,103_7.tif,103_8.tif,103_9.tif,103_10.tif,103_11.tif,103_12.tif,103_13.tif,103_14.tif,,,,,,,,,,,,,,,,,,,,,,,,,,,,,,,,,,,,,,,,,,,,,,,,,,,
,,,,,,,,,,,,,,,,,,,,,,,,,104_11.tif,104_12.tif,104_13.tif,104_14.tif,104_15.tif,104_16.tif,,,,,,,,,,,,,,,,,,,,,,,,,,,,,,,,,,,,,,,,,,,,,,,,,
,,,,,,,,,,,,,,,,,,,,,,,,,105_11.tif,105_12.tif,105_13.tif,105_14.tif,,,,,,,,,,,,,,,,,,,,,,,,,,,,,,,,,,,,,,,,,,,,,,,,,,,
,,,,,,,,,,,,,,,,,,,,,,,,,106_11.tif,106_12.tif,106_13.tif,106_14.tif,106_15.tif,106_16.tif,106_17.tif,,,,,,,,,,,,,,,,,,,,,,,,,,,,,,,,,,,,,,,,,,,,,,,,
,,,,,,,,,,,,,,,,,,,,,107_7.tif,107_8.tif,107_9.tif,107_10.tif,107_11.tif,107_12.tif,107_13.tif,,,,,,,,,,,,,,,,,,,,,,,,,,,,,,,,,,,,,,,,,,,,,,,,,,,,
,,,,,,,,,,,,,,,,,,,,,108_7.tif,108_8.tif,108_9.tif,108_10.tif,108_11.tif,108_12.tif,108_13.tif,,,,,,,,,,,,,,,,,,,,,,,,,,,,,,,,,,,,,,,,,,,,,,,,,,,,
,,,,,,,,,,,,,,,,,,,,,,109_8.tif,109_9.tif,109_10.tif,109_11.tif,109_12.tif,109_13.tif,109_14.tif,109_15.tif,109_16.tif,109_17.tif,109_18.tif,109_19.tif,109_20.tif,109_21.tif,109_22.tif,109_23.tif,109_24.tif,109_25.tif,109_26.tif,109_27.tif,109_28.tif,109_29.tif,109_30.tif,109_31.tif,109_32.tif,109_33.tif,,,,,,,,,,,,,,,,,,,,,,,,,,,,,,,,
,,,,,,,,,,,,,,,,,,110_5.tif,110_6.tif,110_7.tif,110_8.tif,110_9.tif,110_10.tif,110_11.tif,110_12.tif,110_13.tif,110_14.tif,110_15.tif,110_16.tif,110_17.tif,110_18.tif,110_19.tif,110_20.tif,,,,,,,,,,,,,,,,,,,,,,,,,,,,,,,,,,,,,,,,,,,,,,
,,,,,,,,,,,,,,,,,,,,,,,,111_11.tif,111_12.tif,111_13.tif,111_14.tif,111_15.tif,111_16.tif,111_17.tif,,,,,,,,,,,,,,,,,,,,,,,,,,,,,,,,,,,,,,,,,,,,,,,,,
,,,,,,,,,,,,,,,,,,,,,,,,,112_12.tif,112_13.tif,112_14.tif,112_15.tif,112_16.tif,,,,,,,,,,,,,,,,,,,,,,,,,,,,,,,,,,,,,,,,,,,,,,,,,,
,,,,,,,,,,,,,,,,,,,,,,,,,113_9.tif,,,,,,,,,,,,,,,,,,,,,,,,,,,,,,,,,,,,,,,,,,,,,,,,,,,,,,
,,,,,,,,,,,,,,,114_1.tif,114_2.tif,114_3.tif,114_4.tif,114_5.tif,114_6.tif,114_7.tif,114_8.tif,114_9.tif,114_10.tif,114_11.tif,114_12.tif,,,,,,,,,,,,,,,,,,,,,,,,,,,,,,,,,,,,,,,,,,,,,,,,,,,,,
,,,,,,,,,,,,,,,115_1.tif,115_2.tif,115_3.tif,115_4.tif,115_5.tif,115_6.tif,115_7.tif,115_8.tif,115_9.tif,115_10.tif,115_11.tif,115_12.tif,115_13.tif,115_14.tif,115_15.tif,115_16.tif,115_17.tif,115_18.tif,115_19.tif,115_20.tif,115_21.tif,115_22.tif,115_23.tif,115_24.tif,115_25.tif,115_26.tif,115_27.tif,115_28.tif,115_29.tif,115_30.tif,115_31.tif,,,,,,,,,,,,,,,,,,,,,,,,,,,,,,,,,,
,,,,,,,,,,,,,,116_1.tif,116_2.tif,116_3.tif,116_4.tif,116_5.tif,116_6.tif,116_7.tif,116_8.tif,116_9.tif,116_10.tif,116_11.tif,116_12.tif,116_13.tif,116_14.tif,116_15.tif,116_16.tif,116_17.tif,116_18.tif,116_19.tif,,,,,,,,,,,,,,,,,,,,,,,,,,,,,,,,,,,,,,,,,,,,,,,
,,,,,,,,,,,,,,117_1.tif,117_2.tif,117_3.tif,117_4.tif,117_5.tif,117_6.tif,117_7.tif,117_8.tif,117_9.tif,117_10.tif,117_11.tif,117_12.tif,117_13.tif,117_14.tif,117_15.tif,117_16.tif,117_17.tif,117_18.tif,117_19.tif,,,,,,,,,,,,,,,,,,,,,,,,,,,,,,,,,,,,,,,,,,,,,,,
,,,,,,,,,,,,,,,,,,,,,,,,118_11.tif,118_12.tif,118_13.tif,118_14.tif,118_15.tif,118_16.tif,118_17.tif,118_18.tif,118_19.tif,118_20.tif,118_21.tif,118_22.tif,118_23.tif,118_24.tif,,,,,,,,,,,,,,,,,,,,,,,,,,,,,,,,,,,,,,,,,,
,,,,,,,,,,,,,,,,,,,,,,,,119_11.tif,119_12.tif,119_13.tif,119_14.tif,119_15.tif,119_16.tif,119_17.tif,119_18.tif,119_19.tif,119_20.tif,119_21.tif,119_22.tif,119_23.tif,119_24.tif,119_25.tif,119_26.tif,119_27.tif,119_28.tif,119_29.tif,119_30.tif,119_31.tif,119_32.tif,119_33.tif,119_34.tif,119_35.tif,119_36.tif,119_37.tif,119_38.tif,119_39.tif,119_40.tif,119_41.tif,,,,,,,,,,,,,,,,,,,,,,,,,
,,,,,,,,,,,,,120_1.tif,120_2.tif,120_3.tif,120_4.tif,120_5.tif,120_6.tif,120_7.tif,120_8.tif,120_9.tif,120_10.tif,120_11.tif,120_12.tif,120_13.tif,120_14.tif,120_15.tif,120_16.tif,120_17.tif,120_18.tif,120_19.tif,120_20.tif,120_21.tif,120_22.tif,120_23.tif,120_24.tif,120_25.tif,120_26.tif,120_27.tif,120_28.tif,120_29.tif,120_30.tif,120_31.tif,120_32.tif,120_33.tif,120_34.tif,120_35.tif,,,,,,,,,,,,,,,,,,,,,,,,,,,,,,,,
,,,,,,,,,,,,,,121_1.tif,121_2.tif,121_3.tif,121_4.tif,121_5.tif,121_6.tif,121_7.tif,121_8.tif,121_9.tif,121_10.tif,121_11.tif,121_12.tif,121_13.tif,121_14.tif,121_15.tif,121_16.tif,121_17.tif,121_18.tif,121_19.tif,121_20.tif,121_21.tif,121_22.tif,121_23.tif,121_24.tif,121_25.tif,121_26.tif,121_27.tif,121_28.tif,121_29.tif,121_30.tif,121_31.tif,121_32.tif,121_33.tif,121_34.tif,121_35.tif,121_36.tif,121_37.tif,121_38.tif,121_39.tif,121_40.tif,121_41.tif,121_42.tif,121_43.tif,121_44.tif,121_45.tif,121_46.tif,121_47.tif,121_48.tif,,,,,,,,,,,,,,,,,,
,,,,,,,,,,,,,122_1.tif,122_2.tif,122_3.tif,122_4.tif,122_5.tif,122_6.tif,122_7.tif,122_8.tif,122_9.tif,122_10.tif,122_11.tif,122_12.tif,122_13.tif,122_14.tif,122_15.tif,122_16.tif,122_17.tif,122_18.tif,122_19.tif,122_20.tif,122_21.tif,122_22.tif,122_23.tif,122_24.tif,122_25.tif,122_26.tif,122_27.tif,122_28.tif,122_29.tif,122_30.tif,122_31.tif,122_32.tif,122_33.tif,122_34.tif,122_35.tif,122_36.tif,122_37.tif,122_38.tif,122_39.tif,122_40.tif,122_41.tif,122_42.tif,122_43.tif,122_44.tif,122_45.tif,122_46.tif,122_47.tif,122_48.tif,122_49.tif,122_50.tif,122_51.tif,122_52.tif,122_53.tif,122_54.tif,122_55.tif,122_56.tif,,,,,,,,,,,
,,,,,,,,,,,,,,123_2.tif,123_3.tif,123_4.tif,123_5.tif,123_6.tif,123_7.tif,123_8.tif,123_9.tif,123_10.tif,123_11.tif,123_12.tif,123_13.tif,123_14.tif,123_15.tif,123_16.tif,123_17.tif,123_18.tif,123_19.tif,123_20.tif,123_21.tif,123_22.tif,123_23.tif,123_24.tif,123_25.tif,123_26.tif,123_27.tif,123_28.tif,123_29.tif,123_30.tif,123_31.tif,123_32.tif,123_33.tif,123_34.tif,123_35.tif,123_36.tif,123_37.tif,123_38.tif,123_39.tif,123_40.tif,123_41.tif,123_42.tif,123_43.tif,123_44.tif,123_45.tif,123_46.tif,123_47.tif,123_48.tif,123_49.tif,123_50.tif,123_51.tif,123_52.tif,123_53.tif,123_54.tif,123_55.tif,123_56.tif,123_57.tif,123_58.tif,,,,,,,,,
,,,,,,,,,,,,,,124_1.tif,124_2.tif,124_3.tif,124_4.tif,124_5.tif,124_6.tif,124_7.tif,124_8.tif,124_9.tif,124_10.tif,124_11.tif,124_12.tif,124_13.tif,124_14.tif,124_15.tif,124_16.tif,124_17.tif,124_18.tif,124_19.tif,124_20.tif,124_21.tif,124_22.tif,124_23.tif,124_24.tif,124_25.tif,124_26.tif,124_27.tif,124_28.tif,,,,,,,,,,,,,,,,,,,,,,,,,,,,,,,,,,,,,,
,,,,,,,,,,,,,,,,125_1.tif,125_2.tif,125_3.tif,125_4.tif,125_5.tif,125_6.tif,125_7.tif,125_8.tif,125_9.tif,125_10.tif,125_11.tif,125_12.tif,,,,,,,,,,,,,,,,,,,,,,,,,,,,,,,,,,,,,,,,,,,,,,,,,,,,
,,,,,,,,,,,,,,,,126_2.tif,126_3.tif,126_4.tif,126_5.tif,126_6.tif,126_7.tif,126_8.tif,126_9.tif,126_10.tif,126_11.tif,126_12.tif,126_13.tif,126_14.tif,126_15.tif,126_16.tif,,,,,,,,,,,,,,,,,,,,,,,,,,,,,,,,,,,,,,,,,,,,,,,,,
,,,,,,,,,,,,,,,,,127_1.tif,127_2.tif,127_3.tif,127_4.tif,127_5.tif,127_6.tif,127_7.tif,127_8.tif,127_9.tif,127_10.tif,127_11.tif,127_12.tif,127_13.tif,127_14.tif,,,,,,,,,,,,,,,,,,,,,,,,,,,,,,,,,,,,,,,,,,,,,,,,,
,,,,,,,,,,,128_8.tif,128_9.tif,128_10.tif,128_11.tif,128_12.tif,128_13.tif,128_14.tif,128_15.tif,128_16.tif,128_17.tif,128_18.tif,128_19.tif,128_20.tif,128_21.tif,128_22.tif,128_23.tif,128_24.tif,128_25.tif,128_26.tif,128_27.tif,128_28.tif,128_29.tif,128_30.tif,128_31.tif,128_32.tif,,,,,,,,,,,,,,,,,,,,,,,,,,,,,,,,,,,,,,,,,,,,
,,,,,,,,,,,,,,,,,,,129_16.tif,129_17.tif,129_18.tif,129_19.tif,129_20.tif,129_21.tif,129_22.tif,129_23.tif,129_24.tif,129_25.tif,129_26.tif,129_27.tif,129_28.tif,,,,,,,,,,,,,,,,,,,,,,,,,,,,,,,,,,,,,,,,,,,,,,,,
,,,,,,,,,,,,,,,,,,,,,,,,,130_24.tif,130_25.tif,130_26.tif,130_27.tif,130_28.tif,130_29.tif,130_30.tif,130_31.tif,130_32.tif,130_33.tif,130_34.tif,130_35.tif,,,,,,,,,,,,,,,,,,,,,,,,,,,,,,,,,,,,,,,,,,,
,,,,131_1.tif,131_2.tif,131_3.tif,131_4.tif,131_5.tif,131_6.tif,131_7.tif,131_8.tif,131_9.tif,131_10.tif,131_11.tif,131_12.tif,131_13.tif,131_14.tif,131_15.tif,131_16.tif,131_17.tif,131_18.tif,131_19.tif,131_20.tif,131_21.tif,131_22.tif,131_23.tif,,,,,,,,,,,,,,,,,,,,,,,,,,,,,,,,,,,,,,,,,,,,,,,,,,,,,
,,,,,,,,,,,,,,,,,,,,,,,132_12.tif,132_13.tif,132_14.tif,132_15.tif,132_16.tif,132_17.tif,132_18.tif,132_19.tif,,,,,,,,,,,,,,,,,,,,,,,,,,,,,,,,,,,,,,,,,,,,,,,,,
,,,,,,,,,,,,,,,,,,,,,,,,,133_15.tif,133_16.tif,133_17.tif,133_18.tif,133_19.tif,133_20.tif,133_21.tif,133_22.tif,133_23.tif,133_24.tif,133_25.tif,133_26.tif,133_27.tif,133_28.tif,,,,,,,,,,,,,,,,,,,,,,,,,,,,,,,,,,,,,,,,,
,,,,,,,,,,,,,,,,,,,,,,,134_12.tif,134_13.tif,134_14.tif,134_15.tif,134_16.tif,134_17.tif,134_18.tif,,,,,,,,,,,,,,,,,,,,,,,,,,,,,,,,,,,,,,,,,,,,,,,,,,
,,,,,,,,,,,,135_1.tif,135_2.tif,135_3.tif,135_4.tif,135_5.tif,135_6.tif,135_7.tif,135_8.tif,135_9.tif,135_10.tif,135_11.tif,135_12.tif,135_13.tif,135_14.tif,,,,,,,,,,,,,,,,,,,,,,,,,,,,,,,,,,,,,,,,,,,,,,,,,,,,,,
,,,,,,,,,,,,,,,,,,,,,,,136_12.tif,136_13.tif,136_14.tif,136_15.tif,136_16.tif,136_17.tif,136_18.tif,136_19.tif,136_20.tif,136_21.tif,136_22.tif,136_23.tif,136_24.tif,136_25.tif,136_26.tif,136_27.tif,136_28.tif,136_29.tif,136_30.tif,136_31.tif,136_32.tif,136_33.tif,,,,,,,,,,,,,,,,,,,,,,,,,,,,,,,,,,,
,,,,,,,,,,,,,,,,,,,,,,,137_12.tif,137_13.tif,137_14.tif,137_15.tif,137_16.tif,137_17.tif,137_18.tif,137_19.tif,137_20.tif,137_21.tif,137_22.tif,137_23.tif,137_24.tif,137_25.tif,137_26.tif,137_27.tif,137_28.tif,137_29.tif,137_30.tif,137_31.tif,137_32.tif,137_33.tif,137_34.tif,137_35.tif,137_36.tif,137_37.tif,137_38.tif,137_39.tif,137_40.tif,,,,,,,,,,,,,,,,,,,,,,,,,,,,
,,,,,,,,,,,,,,,138_3.tif,138_4.tif,138_5.tif,138_6.tif,138_7.tif,138_8.tif,138_9.tif,138_10.tif,138_11.tif,138_12.tif,138_13.tif,,,,,,,,,,,,,,,,,,,,,,,,,,,,,,,,,,,,,,,,,,,,,,,,,,,,,,
,,,,,,,,,,,,,,,,,,,,,,,,,139_14.tif,139_15.tif,139_16.tif,139_17.tif,139_18.tif,139_19.tif,139_20.tif,139_21.tif,139_22.tif,139_23.tif,139_24.tif,139_25.tif,139_26.tif,139_27.tif,139_28.tif,139_29.tif,139_30.tif,139_31.tif,139_32.tif,139_33.tif,139_34.tif,139_35.tif,139_36.tif,139_37.tif,139_38.tif,139_39.tif,139_40.tif,,,,,,,,,,,,,,,,,,,,,,,,,,,,
,,,,,,,,,,,,,,,,,,,,,,,,,140_14.tif,140_15.tif,140_16.tif,140_17.tif,140_18.tif,,,,,,,,,,,,,,,,,,,,,,,,,,,,,,,,,,,,,,,,,,,,,,,,,,
,,,,,,,,,,,,,,,,,,,,,,141_11.tif,141_12.tif,141_13.tif,141_14.tif,141_15.tif,141_16.tif,141_17.tif,141_18.tif,141_19.tif,141_20.tif,141_21.tif,141_22.tif,141_23.tif,141_24.tif,,,,,,,,,,,,,,,,,,,,,,,,,,,,,,,,,,,,,,,,,,,,
,,,,,,,,,,,,,,,,,,,,,,142_11.tif,142_12.tif,142_13.tif,142_14.tif,142_15.tif,142_16.tif,142_17.tif,142_18.tif,142_19.tif,142_20.tif,142_21.tif,,,,,,,,,,,,,,,,,,,,,,,,,,,,,,,,,,,,,,,,,,,,,,,
,,,,,,,,,,,,,,,,,,,143_8.tif,143_9.tif,143_10.tif,143_11.tif,143_12.tif,143_13.tif,143_14.tif,143_15.tif,143_16.tif,,,,,,,,,,,,,,,,,,,,,,,,,,,,,,,,,,,,,,,,,,,,,,,,,,,,
,,,,,,,,,,,,144_1.tif,144_2.tif,144_3.tif,144_4.tif,144_5.tif,144_6.tif,144_7.tif,144_8.tif,144_9.tif,144_10.tif,144_11.tif,144_12.tif,144_13.tif,144_14.tif,144_15.tif,144_16.tif,,,,,,,,,,,,,,,,,,,,,,,,,,,,,,,,,,,,,,,,,,,,,,,,,,,,
,,,,,,,,,,,,145_1.tif,145_2.tif,145_3.tif,145_4.tif,145_5.tif,145_6.tif,145_7.tif,145_8.tif,145_9.tif,145_10.tif,145_11.tif,145_12.tif,145_13.tif,145_14.tif,145_15.tif,145_16.tif,145_17.tif,145_18.tif,,,,,,,,,,,,,,,,,,,,,,,,,,,,,,,,,,,,,,,,,,,,,,,,,,
,,,,,,,,,,,,,,,,,,,,,146_10.tif,146_11.tif,146_12.tif,146_13.tif,146_14.tif,146_15.tif,146_16.tif,146_17.tif,146_18.tif,146_19.tif,146_20.tif,146_21.tif,146_22.tif,146_23.tif,146_24.tif,146_25.tif,146_26.tif,146_27.tif,146_28.tif,,,,,,,,,,,,,,,,,,,,,,,,,,,,,,,,,,,,,,,,
0,0,0,0,2,6,11,17,28,31,34,39,47,52,62,71,77,81,88,93,97,105,112,122,129,146,136,131,119,113,106,92,87,80,79,76,68,65,63,60,56,56,51,48,45,43,38,37,34,33,33,32,30,29,24,19,17,15,13,10,9,7,6,6,5,4,4,3,2,1,1,0,0,0,0,0,0,0,0,0
